"Account.Data_ExternalId__c","lastname","MAILINGSTREET","MAILINGCITY","MAILINGSTATE","MAILINGPOSTALCODE","MAILINGCOUNTRY","FAX","ASSISTANTPHONE","EMAIL","ASSISTANTNAME","LEADSOURCE","BIRTHDATE","DESCRIPTION","HASOPTEDOUTOFEMAIL","DONOTCALL","P_C_CHECKBOX__C","P_C_CURRENCY__C","P_C_DATE__C","P_C_DATETIME__C","P_C_MULTIPICKLIST__C","P_C_NUMBER__C","P_C_PERCENT__C","P_C_PHONENUMBER__C","P_C_PICKLIST__C","P_C_TEXT__C","P_C_TEXTAREA__C","P_C_TEXTAREARICH__C","P_C_TEXTENCRYPTED__C","P_C_URL__C","P_C_EMAIL__C","p_c_ExternalID__c","p_c_User__r.Username","p_c_JBCXMobj_Score__r.Name","p_c_Case__r.p_c_ExternalID__c","p_c_customobj_contact2__r.p_c_ExternalID__c"
"Copilot_Auto000","Copilot_Contact1","Street","City","Telangana","636007","India","1212Ass","12121212","testcase1@gainsighttest.com","Assistant Name","Partner Referral","2015-06-07","sample Desciprtion","FALSE","TRUE","TRUE","1212","2015-07-06","2015-06-30T09:53:49","MPvalue1;MPvalue2","1212","12","111222","Pvalue1","text","texttexttext","<u><i>texttexttexttext</i></u>text","Encryptedtext","http://www.google.com","pparthiban@gainsight.com","Con.Copilot_Auto000","pparthi@gain2.com","A","Case.Copilot_Auto000","ContObj2.Copilot_Auto000"
"Copilot_Auto001","Copilot_Contact2","Street","Austin","Telangana","636007","India","1212Ass","12121212","testcase5@gainsighttest.com","Assistant Name","Partner Referral","2015-03-07","sample Desciprtion","FALSE","TRUE","FALSE","1212","2015-07-06","2015-06-30T09:53:49","MPvalue1;MPvalue2","1212","12","111222","Pvalue1","text","texttexttext","<u><i>texttexttexttext</i></u>text","Encryptedtext","http://www.google.com","pparthiban@gainsight.com","Con.Copilot_Auto001","pparthi@gain2.com","B","Case.Copilot_Auto001","ContObj2.Copilot_Auto001"
"Copilot_Auto002","Copilot_Contact3","Street","Austin","Telangana","636007","India","1212Ass","12121212","testcase5@gainsighttest.com","Assistant Name","Purchased List","2015-04-07","sample Desciprtion","FALSE","TRUE","FALSE","1212","2015-07-06","2015-06-30T09:53:49","MPvalue1;MPvalue2","1212","12","111222","Pvalue1","text","texttexttext","<u><i>texttexttexttext</i></u>text","Encryptedtext","http://www.google.com","pparthiban@gainsight.com","Con.Copilot_Auto002","pparthi@gain2.com","C","Case.Copilot_Auto002","ContObj2.Copilot_Auto002"
"Copilot_Auto003","Copilot_Contact4","Street","Hyderabad","Telangana","636007","India","1212Ass","12121212","testcase5@gainsighttest.com","Assistant Name","Partner Referral","2015-05-07","sample Desciprtion","FALSE","TRUE","FALSE","1212","2015-07-06","2015-06-30T09:53:49","MPvalue1;MPvalue2","1212","12","111222","Pvalue1","text","texttexttext","<u><i>texttexttexttext</i></u>text","Encryptedtext","http://www.google.com","pparthiban@gainsight.com","Con.Copilot_Auto003","pparthi@gain2.com","D","Case.Copilot_Auto003","ContObj2.Copilot_Auto003"
"Copilot_Auto004","Copilot_Contact5","Street","Hyderabad","Telangana","636007","India","1212Ass","12121212","testcase5@gainsighttest.com","Assistant Name","Web","2015-05-07","sample Desciprtion","FALSE","TRUE","FALSE","1212","2015-07-06","2015-06-30T09:53:49","MPvalue1;MPvalue2","1212","12","111222","Pvalue1","text","texttexttext","<u><i>texttexttexttext</i></u>text","Encryptedtext","http://www.google.com","pparthiban@gainsight.com","Con.Copilot_Auto004","pparthi@gain2.com","E","Case.Copilot_Auto004","ContObj2.Copilot_Auto004"
"Copilot_Auto005","Copilot_Contact6","Street","City","Telangana","636007","India","1212Ass","12121212","pparthiban@gainsighttest.com","Assistant Name","Partner Referral","2015-06-07","sample Desciprtion","FALSE","TRUE","FALSE","1212","2015-07-06","2015-06-30T09:53:49","MPvalue1;MPvalue2","1212","12","111222","Pvalue1","text","texttexttext","<u><i>texttexttexttext</i></u>text","Encryptedtext","http://www.google.com","pparthiban@gainsight.com","Con.Copilot_Auto005","pparthi@gain2.com","F","Case.Copilot_Auto005","ContObj2.Copilot_Auto005"
"Copilot_Auto006","Copilot_Contact7","Street","City","Telangana","636007","India","1212Ass","12121212","pparthiban@gainsighttest.com","Assistant Name","Partner Referral","2015-06-07","sample Desciprtion","FALSE","TRUE","FALSE","1212","2015-07-06","2015-06-30T09:53:49","MPvalue1;MPvalue2","1212","12","111222","Pvalue1","text","texttexttext","<u><i>texttexttexttext</i></u>text","Encryptedtext","http://www.google.com","pparthiban@gainsight.com","Con.Copilot_Auto006","pparthi@gain2.com","A","Case.Copilot_Auto006","ContObj2.Copilot_Auto006"
"Copilot_Auto007","Copilot_Contact8","Street","City","Telangana","636007","India","1212Ass","12121212","pparthiban@gainsighttest.com","Assistant Name","Partner Referral","2015-06-07","sample Desciprtion","FALSE","TRUE","FALSE","1212","2015-07-06","2015-06-30T09:53:49","MPvalue1;MPvalue2","1212","12","111222","Pvalue1","text","texttexttext","<u><i>texttexttexttext</i></u>text","Encryptedtext","http://www.google.com","pparthiban@gainsight.com","Con.Copilot_Auto007","pparthi@gain2.com","B","Case.Copilot_Auto007","ContObj2.Copilot_Auto007"
"Copilot_Auto008","Copilot_Contact9","Street","City","Telangana","636007","India","1212Ass","12121212","pparthiban@gainsighttest.com","Assistant Name","Partner Referral","2015-06-07","sample Desciprtion","FALSE","TRUE","FALSE","1212","2015-07-06","2015-06-30T09:53:49","MPvalue1;MPvalue2","1212","12","111222","Pvalue1","text","texttexttext","<u><i>texttexttexttext</i></u>text","Encryptedtext","http://www.google.com","pparthiban@gainsight.com","Con.Copilot_Auto008","pparthi@gain2.com","C","Case.Copilot_Auto008","ContObj2.Copilot_Auto008"
"Copilot_Auto009","Copilot_Contact10","Street","City","Telangana","636007","India","1212Ass","12121212","pparthiban@gainsighttest.com","Assistant Name","Partner Referral","2015-06-07","sample Desciprtion","FALSE","TRUE","FALSE","1212","2015-07-06","2015-06-30T09:53:49","MPvalue1;MPvalue2","1212","12","111222","Pvalue1","text","texttexttext","<u><i>texttexttexttext</i></u>text","Encryptedtext","http://www.google.com","pparthiban@gainsight.com","Con.Copilot_Auto009","pparthi@gain2.com","D","Case.Copilot_Auto009","ContObj2.Copilot_Auto009"
"Copilot_Auto000","Copilot_Contact11","Street","City","Telangana","636007","India","1212Ass","12121212","pparthiban@gainsighttest.com","Assistant Name","Partner Referral","2015-06-07","sample Desciprtion","FALSE","TRUE","FALSE","1212","2015-07-06","2015-06-30T09:53:49","MPvalue1;MPvalue2","1212","12","111222","Pvalue1","text","texttexttext","<u><i>texttexttexttext</i></u>text","Encryptedtext","http://www.google.com","pparthiban@gainsight.com","Con.Copilot_Auto010","pparthi@gain2.com","A","","ContObj2.Copilot_Auto000"
"Copilot_Auto001","Copilot_Contact12","Street","City","Telangana","636007","India","1212Ass","12121212","pparthiban@gainsighttest.com","Assistant Name","Partner Referral","2015-06-07","sample Desciprtion","FALSE","TRUE","FALSE","1212","2015-07-06","2015-06-30T09:53:49","MPvalue1;MPvalue2","1212","12","111222","Pvalue1","text","texttexttext","<u><i>texttexttexttext</i></u>text","Encryptedtext","http://www.google.com","pparthiban@gainsight.com","Con.Copilot_Auto011","pparthi@gain2.com","B","","ContObj2.Copilot_Auto001"
"Copilot_Auto002","Copilot_Contact13","Street","City","Telangana","636007","India","1212Ass","12121212","pparthiban@gainsighttest.com","Assistant Name","Partner Referral","2015-06-07","sample Desciprtion","FALSE","TRUE","FALSE","1212","2015-07-06","2015-06-30T09:53:49","MPvalue1;MPvalue2","1212","12","111222","Pvalue1","text","texttexttext","<u><i>texttexttexttext</i></u>text","Encryptedtext","http://www.google.com","pparthiban@gainsight.com","Con.Copilot_Auto012","pparthi@gain2.com","C","","ContObj2.Copilot_Auto002"
"Copilot_Auto003","Copilot_Contact14","Street","City","Telangana","636007","India","1212Ass","12121212","pparthiban@gainsighttest.com","Assistant Name","Partner Referral","2015-06-07","sample Desciprtion","FALSE","TRUE","FALSE","1212","2015-07-06","2015-06-30T09:53:49","MPvalue1;MPvalue2","1212","12","111222","Pvalue1","text","texttexttext","<u><i>texttexttexttext</i></u>text","Encryptedtext","http://www.google.com","pparthiban@gainsight.com","Con.Copilot_Auto013","pparthi@gain2.com","D","","ContObj2.Copilot_Auto003"
"Copilot_Auto004","Copilot_Contact15","Street","City","Telangana","636007","India","1212Ass","12121212","pparthiban@gainsighttest.com","Assistant Name","Partner Referral","2015-06-07","sample Desciprtion","FALSE","TRUE","FALSE","1212","2015-07-06","2015-06-30T09:53:49","MPvalue1;MPvalue2","1212","12","111222","Pvalue1","text","texttexttext","<u><i>texttexttexttext</i></u>text","Encryptedtext","http://www.google.com","pparthiban@gainsight.com","Con.Copilot_Auto014","pparthi@gain2.com","E","","ContObj2.Copilot_Auto004"
"Copilot_Auto005","Copilot_Contact16","Street","City","Telangana","636007","India","1212Ass","12121212","pparthiban@gainsighttest.com","Assistant Name","Partner Referral","2015-06-07","sample Desciprtion","FALSE","TRUE","FALSE","1212","2015-07-06","2015-06-30T09:53:49","MPvalue1;MPvalue2","1212","12","111222","Pvalue1","text","texttexttext","<u><i>texttexttexttext</i></u>text","Encryptedtext","http://www.google.com","pparthiban@gainsight.com","Con.Copilot_Auto015","pparthi@gain2.com","F","","ContObj2.Copilot_Auto005"
"Copilot_Auto006","Copilot_Contact17","Street","City","Telangana","636007","India","1212Ass","12121212","pparthiban@gainsighttest.com","Assistant Name","Partner Referral","2015-06-07","sample Desciprtion","FALSE","TRUE","FALSE","1212","2015-07-06","2015-06-30T09:53:49","MPvalue1;MPvalue2","1212","12","111222","Pvalue1","text","texttexttext","<u><i>texttexttexttext</i></u>text","Encryptedtext","http://www.google.com","pparthiban@gainsight.com","Con.Copilot_Auto016","pparthi@gain2.com","A","","ContObj2.Copilot_Auto006"
"Copilot_Auto007","Copilot_Contact18","Street","City","Telangana","636007","India","1212Ass","12121212","pparthiban@gainsighttest.com","Assistant Name","Partner Referral","2015-06-07","sample Desciprtion","FALSE","TRUE","FALSE","1212","2015-07-06","2015-06-30T09:53:49","MPvalue1;MPvalue2","1212","12","111222","Pvalue1","text","texttexttext","<u><i>texttexttexttext</i></u>text","Encryptedtext","http://www.google.com","pparthiban@gainsight.com","Con.Copilot_Auto017","pparthi@gain2.com","B","","ContObj2.Copilot_Auto007"
"Copilot_Auto008","Copilot_Contact19","Street","City","Telangana","636007","India","1212Ass","12121212","pparthiban@gainsighttest.com","Assistant Name","Partner Referral","2015-06-07","sample Desciprtion","FALSE","TRUE","FALSE","1212","2015-07-06","2015-06-30T09:53:49","MPvalue1;MPvalue2","1212","12","111222","Pvalue1","text","texttexttext","<u><i>texttexttexttext</i></u>text","Encryptedtext","http://www.google.com","pparthiban@gainsight.com","Con.Copilot_Auto018","pparthi@gain2.com","C","","ContObj2.Copilot_Auto008"
"Copilot_Auto009","Copilot_Contact20","Street","City","Telangana","636007","India","1212Ass","12121212","pparthiban@gainsighttest.com","Assistant Name","Partner Referral","2015-06-07","sample Desciprtion","FALSE","TRUE","FALSE","1212","2015-07-06","2015-06-30T09:53:49","MPvalue1;MPvalue2","1212","12","111222","Pvalue1","text","texttexttext","<u><i>texttexttexttext</i></u>text","Encryptedtext","http://www.google.com","pparthiban@gainsight.com","Con.Copilot_Auto019","pparthi@gain2.com","D","","ContObj2.Copilot_Auto009"
"Copilot_Auto000","Copilot_Contact21","Street","City","Telangana","636007","India","1212Ass","12121212","pparthiban@gainsighttest.com","Assistant Name","Partner Referral","2015-06-07","sample Desciprtion","FALSE","TRUE","FALSE","1212","2015-07-06","2015-06-30T09:53:49","MPvalue1;MPvalue2","1212","12","111222","Pvalue1","text","texttexttext","<u><i>texttexttexttext</i></u>text","Encryptedtext","http://www.google.com","pparthiban@gainsight.com","Con.Copilot_Auto020","pparthi@gain2.com","A","","ContObj2.Copilot_Auto000"
"Copilot_Auto001","Copilot_Contact22","Street","City","Telangana","636007","India","1212Ass","12121212","pparthiban@gainsighttest.com","Assistant Name","Partner Referral","2015-06-07","sample Desciprtion","FALSE","TRUE","FALSE","1212","2015-07-06","2015-06-30T09:53:49","MPvalue1;MPvalue2","1212","12","111222","Pvalue1","text","texttexttext","<u><i>texttexttexttext</i></u>text","Encryptedtext","http://www.google.com","pparthiban@gainsight.com","Con.Copilot_Auto021","pparthi@gain2.com","B","","ContObj2.Copilot_Auto001"
"Copilot_Auto002","Copilot_Contact23","Street","City","Telangana","636007","India","1212Ass","12121212","pparthiban@gainsighttest.com","Assistant Name","Partner Referral","2015-06-07","sample Desciprtion","FALSE","TRUE","FALSE","1212","2015-07-06","2015-06-30T09:53:49","MPvalue1;MPvalue2","1212","12","111222","Pvalue1","text","texttexttext","<u><i>texttexttexttext</i></u>text","Encryptedtext","http://www.google.com","pparthiban@gainsight.com","Con.Copilot_Auto022","pparthi@gain2.com","C","","ContObj2.Copilot_Auto002"
"Copilot_Auto003","Copilot_Contact24","Street","City","Telangana","636007","India","1212Ass","12121212","pparthiban@gainsighttest.com","Assistant Name","Partner Referral","2015-06-07","sample Desciprtion","FALSE","TRUE","FALSE","1212","2015-07-06","2015-06-30T09:53:49","MPvalue1;MPvalue2","1212","12","111222","Pvalue1","text","texttexttext","<u><i>texttexttexttext</i></u>text","Encryptedtext","http://www.google.com","pparthiban@gainsight.com","Con.Copilot_Auto023","pparthi@gain2.com","D","","ContObj2.Copilot_Auto003"
"Copilot_Auto004","Copilot_Contact25","Street","City","Telangana","636007","India","1212Ass","12121212","pparthiban@gainsighttest.com","Assistant Name","Partner Referral","2015-06-07","sample Desciprtion","FALSE","TRUE","FALSE","1212","2015-07-06","2015-06-30T09:53:49","MPvalue1;MPvalue2","1212","12","111222","Pvalue1","text","texttexttext","<u><i>texttexttexttext</i></u>text","Encryptedtext","http://www.google.com","pparthiban@gainsight.com","Con.Copilot_Auto024","pparthi@gain2.com","E","","ContObj2.Copilot_Auto004"
"Copilot_Auto005","Copilot_Contact26","Street","City","Telangana","636007","India","1212Ass","12121212","pparthiban@gainsighttest.com","Assistant Name","Partner Referral","2015-06-07","sample Desciprtion","FALSE","TRUE","FALSE","1212","2015-07-06","2015-06-30T09:53:49","MPvalue1;MPvalue2","1212","12","111222","Pvalue1","text","texttexttext","<u><i>texttexttexttext</i></u>text","Encryptedtext","http://www.google.com","pparthiban@gainsight.com","Con.Copilot_Auto025","pparthi@gain2.com","F","","ContObj2.Copilot_Auto005"
"Copilot_Auto006","Copilot_Contact27","Street","City","Telangana","636007","India","1212Ass","12121212","pparthiban@gainsighttest.com","Assistant Name","Partner Referral","2015-06-07","sample Desciprtion","FALSE","TRUE","FALSE","1212","2015-07-06","2015-06-30T09:53:49","MPvalue1;MPvalue2","1212","12","111222","Pvalue1","text","texttexttext","<u><i>texttexttexttext</i></u>text","Encryptedtext","http://www.google.com","pparthiban@gainsight.com","Con.Copilot_Auto026","pparthi@gain2.com","A","","ContObj2.Copilot_Auto006"
"Copilot_Auto007","Copilot_Contact28","Street","City","Telangana","636007","India","1212Ass","12121212","pparthiban@gainsighttest.com","Assistant Name","Partner Referral","2015-06-07","sample Desciprtion","FALSE","TRUE","FALSE","1212","2015-07-06","2015-06-30T09:53:49","MPvalue1;MPvalue2","1212","12","111222","Pvalue1","text","texttexttext","<u><i>texttexttexttext</i></u>text","Encryptedtext","http://www.google.com","pparthiban@gainsight.com","Con.Copilot_Auto027","pparthi@gain2.com","B","","ContObj2.Copilot_Auto007"
"Copilot_Auto008","Copilot_Contact29","Street","City","Telangana","636007","India","1212Ass","12121212","pparthiban@gainsighttest.com","Assistant Name","Partner Referral","2015-06-07","sample Desciprtion","FALSE","TRUE","FALSE","1212","2015-07-06","2015-06-30T09:53:49","MPvalue1;MPvalue2","1212","12","111222","Pvalue1","text","texttexttext","<u><i>texttexttexttext</i></u>text","Encryptedtext","http://www.google.com","pparthiban@gainsight.com","Con.Copilot_Auto028","pparthi@gain2.com","C","","ContObj2.Copilot_Auto008"
"Copilot_Auto009","Copilot_Contact30","Street","City","Telangana","636007","India","1212Ass","12121212","pparthiban@gainsighttest.com","Assistant Name","Partner Referral","2015-06-07","sample Desciprtion","FALSE","TRUE","FALSE","1212","2015-07-06","2015-06-30T09:53:49","MPvalue1;MPvalue2","1212","12","111222","Pvalue1","text","texttexttext","<u><i>texttexttexttext</i></u>text","Encryptedtext","http://www.google.com","pparthiban@gainsight.com","Con.Copilot_Auto029","pparthi@gain2.com","D","","ContObj2.Copilot_Auto009"
"Copilot_Auto000","Copilot_Contact31","Street","City","Telangana","636007","India","1212Ass","12121212","pparthiban@gainsighttest.com","Assistant Name","Partner Referral","2015-06-07","sample Desciprtion","FALSE","TRUE","FALSE","1212","2015-07-06","2015-06-30T09:53:49","MPvalue1;MPvalue2","1212","12","111222","Pvalue1","text","texttexttext","<u><i>texttexttexttext</i></u>text","Encryptedtext","http://www.google.com","pparthiban@gainsight.com","Con.Copilot_Auto030","pparthi@gain2.com","A","","ContObj2.Copilot_Auto000"
"Copilot_Auto001","Copilot_Contact32","Street","City","Telangana","636007","India","1212Ass","12121212","pparthiban@gainsighttest.com","Assistant Name","Partner Referral","2015-06-07","sample Desciprtion","FALSE","TRUE","FALSE","1212","2015-07-06","2015-06-30T09:53:49","MPvalue1;MPvalue2","1212","12","111222","Pvalue1","text","texttexttext","<u><i>texttexttexttext</i></u>text","Encryptedtext","http://www.google.com","pparthiban@gainsight.com","Con.Copilot_Auto031","pparthi@gain2.com","B","","ContObj2.Copilot_Auto001"
"Copilot_Auto002","Copilot_Contact33","Street","City","Telangana","636007","India","1212Ass","12121212","pparthiban@gainsighttest.com","Assistant Name","Partner Referral","2015-06-07","sample Desciprtion","FALSE","TRUE","FALSE","1212","2015-07-06","2015-06-30T09:53:49","MPvalue1;MPvalue2","1212","12","111222","Pvalue1","text","texttexttext","<u><i>texttexttexttext</i></u>text","Encryptedtext","http://www.google.com","pparthiban@gainsight.com","Con.Copilot_Auto032","pparthi@gain2.com","C","","ContObj2.Copilot_Auto002"
"Copilot_Auto003","Copilot_Contact34","Street","City","Telangana","636007","India","1212Ass","12121212","pparthiban@gainsighttest.com","Assistant Name","Partner Referral","2015-06-07","sample Desciprtion","FALSE","TRUE","FALSE","1212","2015-07-06","2015-06-30T09:53:49","MPvalue1;MPvalue2","1212","12","111222","Pvalue1","text","texttexttext","<u><i>texttexttexttext</i></u>text","Encryptedtext","http://www.google.com","pparthiban@gainsight.com","Con.Copilot_Auto033","pparthi@gain2.com","D","","ContObj2.Copilot_Auto003"
"Copilot_Auto004","Copilot_Contact35","Street","City","Telangana","636007","India","1212Ass","12121212","pparthiban@gainsighttest.com","Assistant Name","Partner Referral","2015-06-07","sample Desciprtion","FALSE","TRUE","FALSE","1212","2015-07-06","2015-06-30T09:53:49","MPvalue1;MPvalue2","1212","12","111222","Pvalue1","text","texttexttext","<u><i>texttexttexttext</i></u>text","Encryptedtext","http://www.google.com","pparthiban@gainsight.com","Con.Copilot_Auto034","pparthi@gain2.com","E","","ContObj2.Copilot_Auto004"
"Copilot_Auto005","Copilot_Contact36","Street","City","Telangana","636007","India","1212Ass","12121212","pparthiban@gainsighttest.com","Assistant Name","Partner Referral","2015-06-07","sample Desciprtion","FALSE","TRUE","FALSE","1212","2015-07-06","2015-06-30T09:53:49","MPvalue1;MPvalue2","1212","12","111222","Pvalue1","text","texttexttext","<u><i>texttexttexttext</i></u>text","Encryptedtext","http://www.google.com","pparthiban@gainsight.com","Con.Copilot_Auto035","pparthi@gain2.com","F","","ContObj2.Copilot_Auto005"
"Copilot_Auto006","Copilot_Contact37","Street","City","Telangana","636007","India","1212Ass","12121212","pparthiban@gainsighttest.com","Assistant Name","Partner Referral","2015-06-07","sample Desciprtion","FALSE","TRUE","FALSE","1212","2015-07-06","2015-06-30T09:53:49","MPvalue1;MPvalue2","1212","12","111222","Pvalue1","text","texttexttext","<u><i>texttexttexttext</i></u>text","Encryptedtext","http://www.google.com","pparthiban@gainsight.com","Con.Copilot_Auto036","pparthi@gain2.com","A","","ContObj2.Copilot_Auto006"
"Copilot_Auto007","Copilot_Contact38","Street","City","Telangana","636007","India","1212Ass","12121212","pparthiban@gainsighttest.com","Assistant Name","Partner Referral","2015-06-07","sample Desciprtion","FALSE","TRUE","FALSE","1212","2015-07-06","2015-06-30T09:53:49","MPvalue1;MPvalue2","1212","12","111222","Pvalue1","text","texttexttext","<u><i>texttexttexttext</i></u>text","Encryptedtext","http://www.google.com","pparthiban@gainsight.com","Con.Copilot_Auto037","pparthi@gain2.com","B","","ContObj2.Copilot_Auto007"
"Copilot_Auto008","Copilot_Contact39","Street","City","Telangana","636007","India","1212Ass","12121212","pparthiban@gainsighttest.com","Assistant Name","Partner Referral","2015-06-07","sample Desciprtion","FALSE","TRUE","FALSE","1212","2015-07-06","2015-06-30T09:53:49","MPvalue1;MPvalue2","1212","12","111222","Pvalue1","text","texttexttext","<u><i>texttexttexttext</i></u>text","Encryptedtext","http://www.google.com","pparthiban@gainsight.com","Con.Copilot_Auto038","pparthi@gain2.com","C","","ContObj2.Copilot_Auto008"
"Copilot_Auto009","Copilot_Contact40","Street","City","Telangana","636007","India","1212Ass","12121212","pparthiban@gainsighttest.com","Assistant Name","Partner Referral","2015-06-07","sample Desciprtion","FALSE","TRUE","FALSE","1212","2015-07-06","2015-06-30T09:53:49","MPvalue1;MPvalue2","1212","12","111222","Pvalue1","text","texttexttext","<u><i>texttexttexttext</i></u>text","Encryptedtext","http://www.google.com","pparthiban@gainsight.com","Con.Copilot_Auto039","pparthi@gain2.com","D","","ContObj2.Copilot_Auto009"
"Copilot_Auto000","Copilot_Contact41","Street","City","Telangana","636007","India","1212Ass","12121212","pparthiban@gainsighttest.com","Assistant Name","Partner Referral","2015-06-07","sample Desciprtion","FALSE","TRUE","FALSE","1212","2015-07-06","2015-06-30T09:53:49","MPvalue1;MPvalue2","1212","12","111222","Pvalue1","text","texttexttext","<u><i>texttexttexttext</i></u>text","Encryptedtext","http://www.google.com","pparthiban@gainsight.com","Con.Copilot_Auto040","pparthi@gain2.com","A","","ContObj2.Copilot_Auto000"
"Copilot_Auto001","Copilot_Contact42","Street","City","Telangana","636007","India","1212Ass","12121212","testcase1@gainsighttest.com","Assistant Name","Partner Referral","2015-06-07","sample Desciprtion","FALSE","TRUE","FALSE","1212","2015-07-06","2015-06-30T09:53:49","MPvalue1;MPvalue2","1212","12","111222","Pvalue1","text","texttexttext","<u><i>texttexttexttext</i></u>text","Encryptedtext","http://www.google.com","pparthiban@gainsight.com","Con.Copilot_Auto041","pparthi@gain2.com","B","","ContObj2.Copilot_Auto001"
"Copilot_Auto002","Copilot_Contact43","Street","City","Telangana","636007","India","1212Ass","12121212","pparthiban@gainsighttest.com","Assistant Name","Partner Referral","2015-06-07","sample Desciprtion","FALSE","TRUE","FALSE","1212","2015-07-06","2015-06-30T09:53:49","MPvalue1;MPvalue2","1212","12","111222","Pvalue1","text","texttexttext","<u><i>texttexttexttext</i></u>text","Encryptedtext","http://www.google.com","pparthiban@gainsight.com","Con.Copilot_Auto042","pparthi@gain2.com","C","","ContObj2.Copilot_Auto002"
"Copilot_Auto003","Copilot_Contact44","Street","City","Telangana","636007","India","1212Ass","12121212","pparthiban@gainsighttest.com","Assistant Name","Partner Referral","2015-06-07","sample Desciprtion","FALSE","TRUE","FALSE","1212","2015-07-06","2015-06-30T09:53:49","MPvalue1;MPvalue2","1212","12","111222","Pvalue1","text","texttexttext","<u><i>texttexttexttext</i></u>text","Encryptedtext","http://www.google.com","pparthiban@gainsight.com","Con.Copilot_Auto043","pparthi@gain2.com","D","","ContObj2.Copilot_Auto003"
"Copilot_Auto004","Copilot_Contact45","Street","City","Telangana","636007","India","1212Ass","12121212","pparthiban@gainsighttest.com","Assistant Name","Partner Referral","2015-06-07","sample Desciprtion","FALSE","TRUE","FALSE","1212","2015-07-06","2015-06-30T09:53:49","MPvalue1;MPvalue2","1212","12","111222","Pvalue1","text","texttexttext","<u><i>texttexttexttext</i></u>text","Encryptedtext","http://www.google.com","pparthiban@gainsight.com","Con.Copilot_Auto044","pparthi@gain2.com","E","","ContObj2.Copilot_Auto004"
"Copilot_Auto005","Copilot_Contact46","Street","City","Telangana","636007","India","1212Ass","12121212","pparthiban@gainsighttest.com","Assistant Name","Partner Referral","2015-06-07","sample Desciprtion","FALSE","TRUE","FALSE","1212","2015-07-06","2015-06-30T09:53:49","MPvalue1;MPvalue2","1212","12","111222","Pvalue1","text","texttexttext","<u><i>texttexttexttext</i></u>text","Encryptedtext","http://www.google.com","pparthiban@gainsight.com","Con.Copilot_Auto045","pparthi@gain2.com","F","","ContObj2.Copilot_Auto005"
"Copilot_Auto006","Copilot_Contact47","Street","City","Telangana","636007","India","1212Ass","12121212","pparthiban@gainsighttest.com","Assistant Name","Partner Referral","2015-06-07","sample Desciprtion","FALSE","TRUE","FALSE","1212","2015-07-06","2015-06-30T09:53:49","MPvalue1;MPvalue2","1212","12","111222","Pvalue1","text","texttexttext","<u><i>texttexttexttext</i></u>text","Encryptedtext","http://www.google.com","pparthiban@gainsight.com","Con.Copilot_Auto046","pparthi@gain2.com","A","","ContObj2.Copilot_Auto006"
"Copilot_Auto007","Copilot_Contact48","Street","City","Telangana","636007","India","1212Ass","12121212","pparthiban@gainsighttest.com","Assistant Name","Partner Referral","2015-06-07","sample Desciprtion","FALSE","TRUE","FALSE","1212","2015-07-06","2015-06-30T09:53:49","MPvalue1;MPvalue2","1212","12","111222","Pvalue1","text","texttexttext","<u><i>texttexttexttext</i></u>text","Encryptedtext","http://www.google.com","pparthiban@gainsight.com","Con.Copilot_Auto047","pparthi@gain2.com","B","","ContObj2.Copilot_Auto007"
"Copilot_Auto008","Copilot_Contact49","Street","City","Telangana","636007","India","1212Ass","12121212","pparthiban@gainsighttest.com","Assistant Name","Partner Referral","2015-06-07","sample Desciprtion","FALSE","TRUE","FALSE","1212","2015-07-06","2015-06-30T09:53:49","MPvalue1;MPvalue2","1212","12","111222","Pvalue1","text","texttexttext","<u><i>texttexttexttext</i></u>text","Encryptedtext","http://www.google.com","pparthiban@gainsight.com","Con.Copilot_Auto048","pparthi@gain2.com","C","","ContObj2.Copilot_Auto008"
"Copilot_Auto009","Copilot_Contact50","Street","City","Telangana","636007","India","1212Ass","12121212","pparthiban@gainsighttest.com","Assistant Name","Partner Referral","2015-06-07","sample Desciprtion","FALSE","TRUE","FALSE","1212","2015-07-06","2015-06-30T09:53:49","MPvalue1;MPvalue2","1212","12","111222","Pvalue1","text","texttexttext","<u><i>texttexttexttext</i></u>text","Encryptedtext","http://www.google.com","pparthiban@gainsight.com","Con.Copilot_Auto049","pparthi@gain2.com","D","","ContObj2.Copilot_Auto009"
"Copilot_Auto000","Copilot_Contact51","Street","City","Telangana","636007","India","1212Ass","12121212","pparthiban@gainsighttest.com","Assistant Name","Partner Referral","2015-06-07","sample Desciprtion","FALSE","TRUE","FALSE","1212","2015-07-06","2015-06-30T09:53:49","MPvalue1;MPvalue2","1212","12","111222","Pvalue1","text","texttexttext","<u><i>texttexttexttext</i></u>text","Encryptedtext","http://www.google.com","pparthiban@gainsight.com","Con.Copilot_Auto050","pparthi@gain2.com","A","","ContObj2.Copilot_Auto000"
"Copilot_Auto001","Copilot_Contact52","Street","City","Telangana","636007","India","1212Ass","12121212","testcase1@gainsighttest.com","Assistant Name","Partner Referral","2015-06-07","sample Desciprtion","TRUE","TRUE","FALSE","1212","2015-07-06","2015-06-30T09:53:49","MPvalue1;MPvalue2","1212","12","111222","Pvalue1","text","texttexttext","<u><i>texttexttexttext</i></u>text","Encryptedtext","http://www.google.com","pparthiban@gainsight.com","Con.Copilot_Auto051","pparthi@gain2.com","B","","ContObj2.Copilot_Auto001"
"Copilot_Auto002","Copilot_Contact53","Street","City","Telangana","636007","India","1212Ass","12121212","pparthiban@gainsighttest.com","Assistant Name","Partner Referral","2015-06-07","sample Desciprtion","FALSE","TRUE","FALSE","1212","2015-07-06","2015-06-30T09:53:49","MPvalue1;MPvalue2","1212","12","111222","Pvalue1","text","texttexttext","<u><i>texttexttexttext</i></u>text","Encryptedtext","http://www.google.com","pparthiban@gainsight.com","Con.Copilot_Auto052","pparthi@gain2.com","C","","ContObj2.Copilot_Auto002"
"Copilot_Auto003","Copilot_Contact54","Street","City","Telangana","636007","India","1212Ass","12121212","pparthiban@gainsighttest.com","Assistant Name","Partner Referral","2015-06-07","sample Desciprtion","FALSE","TRUE","FALSE","1212","2015-07-06","2015-06-30T09:53:49","MPvalue1;MPvalue2","1212","12","111222","Pvalue1","text","texttexttext","<u><i>texttexttexttext</i></u>text","Encryptedtext","http://www.google.com","pparthiban@gainsight.com","Con.Copilot_Auto053","pparthi@gain2.com","D","","ContObj2.Copilot_Auto003"
"Copilot_Auto004","Copilot_Contact55","Street","City","Telangana","636007","India","1212Ass","12121212","pparthiban@gainsighttest.com","Assistant Name","Partner Referral","2015-06-07","sample Desciprtion","FALSE","TRUE","FALSE","1212","2015-07-06","2015-06-30T09:53:49","MPvalue1;MPvalue2","1212","12","111222","Pvalue1","text","texttexttext","<u><i>texttexttexttext</i></u>text","Encryptedtext","http://www.google.com","pparthiban@gainsight.com","Con.Copilot_Auto054","pparthi@gain2.com","E","","ContObj2.Copilot_Auto004"
"Copilot_Auto005","Copilot_Contact56","Street","City","Telangana","636007","India","1212Ass","12121212","pparthiban@gainsighttest.com","Assistant Name","Partner Referral","2015-06-07","sample Desciprtion","FALSE","TRUE","FALSE","1212","2015-07-06","2015-06-30T09:53:49","MPvalue1;MPvalue2","1212","12","111222","Pvalue1","text","texttexttext","<u><i>texttexttexttext</i></u>text","Encryptedtext","http://www.google.com","pparthiban@gainsight.com","Con.Copilot_Auto055","pparthi@gain2.com","F","","ContObj2.Copilot_Auto005"
"Copilot_Auto006","Copilot_Contact57","Street","City","Telangana","636007","India","1212Ass","12121212","pparthiban@gainsighttest.com","Assistant Name","Partner Referral","2015-06-07","sample Desciprtion","FALSE","TRUE","FALSE","1212","2015-07-06","2015-06-30T09:53:49","MPvalue1;MPvalue2","1212","12","111222","Pvalue1","text","texttexttext","<u><i>texttexttexttext</i></u>text","Encryptedtext","http://www.google.com","pparthiban@gainsight.com","Con.Copilot_Auto056","pparthi@gain2.com","A","","ContObj2.Copilot_Auto006"
"Copilot_Auto007","Copilot_Contact58","Street","City","Telangana","636007","India","1212Ass","12121212","pparthiban@gainsighttest.com","Assistant Name","Partner Referral","2015-06-07","sample Desciprtion","FALSE","TRUE","FALSE","1212","2015-07-06","2015-06-30T09:53:49","MPvalue1;MPvalue2","1212","12","111222","Pvalue1","text","texttexttext","<u><i>texttexttexttext</i></u>text","Encryptedtext","http://www.google.com","pparthiban@gainsight.com","Con.Copilot_Auto057","pparthi@gain2.com","B","","ContObj2.Copilot_Auto007"
"Copilot_Auto008","Copilot_Contact59","Street","City","Telangana","636007","India","1212Ass","12121212","pparthiban@gainsighttest.com","Assistant Name","Partner Referral","2015-06-07","sample Desciprtion","FALSE","TRUE","FALSE","1212","2015-07-06","2015-06-30T09:53:49","MPvalue1;MPvalue2","1212","12","111222","Pvalue1","text","texttexttext","<u><i>texttexttexttext</i></u>text","Encryptedtext","http://www.google.com","pparthiban@gainsight.com","Con.Copilot_Auto058","pparthi@gain2.com","C","","ContObj2.Copilot_Auto008"
"Copilot_Auto009","Copilot_Contact60","Street","City","Telangana","636007","India","1212Ass","12121212","pparthiban@gainsighttest.com","Assistant Name","Partner Referral","2015-06-07","sample Desciprtion","FALSE","TRUE","FALSE","1212","2015-07-06","2015-06-30T09:53:49","MPvalue1;MPvalue2","1212","12","111222","Pvalue1","text","texttexttext","<u><i>texttexttexttext</i></u>text","Encryptedtext","http://www.google.com","pparthiban@gainsight.com","Con.Copilot_Auto059","pparthi@gain2.com","D","","ContObj2.Copilot_Auto009"
